frequency,sf,bandwidth,tx_power,sent,received,crc_ok,crc_fail,prr,avg_rssi,min_rssi,max_rssi,avg_snr,min_snr,max_snr,status
490.0,5,125.0,0,100,100,100,0,100.00,-111.58,-113.0,-111.0,3.65,2.0,5.0,OK
490.0,6,125.0,0,100,100,100,0,100.00,-111.5,-112.0,-111.0,4.19,2.0,5.0,OK
490.0,7,125.0,0,100,100,100,0,100.00,-111.55,-112.0,-111.0,4.3,3.0,5.0,OK
490.0,8,125.0,0,100,100,100,0,100.00,-111.14,-113.0,-106.0,4.66,2.0,11.0,OK
490.0,9,125.0,0,100,100,100,0,100.00,-110.23,-113.0,-106.0,4.92,2.0,8.0,OK
490.0,10,125.0,0,100,100,100,0,100.00,-106.99,-110.0,-106.0,7.08,4.0,9.0,OK
490.0,11,125.0,0,100,100,0,100,0.00,-114.0,-115.0,-113.0,-16.02,-17.0,-16.0,OK
490.0,12,125.0,0,58,58,0,58,0.00,-108.86206896551724,-112.0,-96.0,-10.275862068965518,-11.0,-9.0,OK
