sf,bw_khz,total,fp_detected,fp_rate,timeouts,avg_duration_us
7,500,300,0,0.0,0,6722.836666666667
5,125,300,0,0.0,0,6710.24
5,500,300,1,0.33333333333333337,0,6510.38
7,125,300,0,0.0,0,9875.8
5,250,300,0,0.0,0,6487.386666666666
7,250,300,0,0.0,0,7734.373333333333
